{
  "generated": "2026-01-07T05:18:48",
  "root": "K:\\git\\breach-checker",
  "entries": [
    {
      "name": ".env",
      "type": "file",
      "size_bytes": 7451,
      "modified": "2026-01-06T00:29:50"
    },
    {
      "name": ".env.example",
      "type": "file",
      "size_bytes": 7205,
      "modified": "2026-01-05T23:09:35"
    },
    {
      "name": ".github",
      "type": "directory",
      "size_bytes": null,
      "modified": "2026-01-07T04:58:19",
      "children": [
        "milestones.json",
        "workflows"
      ]
    },
    {
      "name": ".gitignore",
      "type": "file",
      "size_bytes": 2311,
      "modified": "2026-01-07T05:17:13"
    },
    {
      "name": ".venv",
      "type": "directory",
      "size_bytes": null,
      "modified": "2026-01-07T04:47:53",
      "children": [
        "Include",
        "Lib",
        "Scripts",
        "pyvenv.cfg"
      ]
    },
    {
      "name": "account_checker.py",
      "type": "file",
      "size_bytes": 14948,
      "modified": "2026-01-06T21:28:17"
    },
    {
      "name": "account_validators",
      "type": "directory",
      "size_bytes": null,
      "modified": "2026-01-07T02:31:03",
      "children": []
    },
    {
      "name": "analyze_results.py",
      "type": "file",
      "size_bytes": 4570,
      "modified": "2026-01-07T03:21:32"
    },
    {
      "name": "backups",
      "type": "directory",
      "size_bytes": null,
      "modified": "2026-01-07T04:07:39",
      "children": []
    },
    {
      "name": "batch_checker.py",
      "type": "file",
      "size_bytes": 18482,
      "modified": "2026-01-07T03:49:25"
    },
    {
      "name": "breach_apis",
      "type": "directory",
      "size_bytes": null,
      "modified": "2026-01-07T04:14:20",
      "children": [
        "__init__.py",
        "__pycache__",
        "haveibeenpwned.py",
        "leakcheck.py",
        "proxynova_comb.py"
      ]
    },
    {
      "name": "BREACH_CHECKER_README.md",
      "type": "file",
      "size_bytes": 11608,
      "modified": "2026-01-07T05:17:13"
    },
    {
      "name": "CHANGELOG.md",
      "type": "file",
      "size_bytes": 307,
      "modified": "2026-01-07T04:57:57"
    },
    {
      "name": "check_breaches.py",
      "type": "file",
      "size_bytes": 11347,
      "modified": "2026-01-07T05:16:43"
    },
    {
      "name": "clean.sh",
      "type": "file",
      "size_bytes": 1714,
      "modified": "2026-01-07T02:56:42"
    },
    {
      "name": "cloud_checkers",
      "type": "directory",
      "size_bytes": null,
      "modified": "2026-01-07T02:31:03",
      "children": []
    },
    {
      "name": "cloud_storage_checker.py",
      "type": "file",
      "size_bytes": 13345,
      "modified": "2026-01-06T21:32:28"
    },
    {
      "name": "COMPLETED_SETUP.md",
      "type": "file",
      "size_bytes": 14547,
      "modified": "2026-01-07T05:18:28"
    },
    {
      "name": "create_gaming_templates.py",
      "type": "file",
      "size_bytes": 1319,
      "modified": "2026-01-07T03:49:29"
    },
    {
      "name": "create_templates.py",
      "type": "file",
      "size_bytes": 1381,
      "modified": "2026-01-07T03:22:19"
    },
    {
      "name": "DEMO.bat",
      "type": "file",
      "size_bytes": 1873,
      "modified": "2026-01-07T05:16:43"
    },
    {
      "name": "docs",
      "type": "directory",
      "size_bytes": null,
      "modified": "2026-01-07T04:51:08",
      "children": [
        "README.md",
        "architecture",
        "installers",
        "modules",
        "releases"
      ]
    },
    {
      "name": "docs.json",
      "type": "file",
      "size_bytes": 17869,
      "modified": "2026-01-07T04:58:40"
    },
    {
      "name": "domain_intel.py",
      "type": "file",
      "size_bytes": 3678,
      "modified": "2026-01-07T03:35:41"
    },
    {
      "name": "FINAL_SETUP_SUMMARY.md",
      "type": "file",
      "size_bytes": 9839,
      "modified": "2026-01-07T05:17:13"
    },
    {
      "name": "input_data",
      "type": "directory",
      "size_bytes": null,
      "modified": "2026-01-07T04:13:24",
      "children": [
        ".gitkeep",
        "alta.csv",
        "amazon.csv",
        "amc.csv",
        "american.csv",
        "aol.csv",
        "att.csv",
        "bankofamerica.csv",
        "battlenet.csv",
        "bestbuy.csv",
        "binance.csv",
        "boost.csv",
        "breach_check_full.log",
        "breach_check_output.log",
        "burgerking.csv",
        "cashapp.csv",
        "chase.csv",
        "chime.csv",
        "coinbase.csv",
        "cricket.csv",
        "csgoempire.csv",
        "csgolotto.csv",
        "cwallet.csv",
        "delta.csv",
        "discord.csv",
        "disney.csv",
        "dominoes.csv",
        "dropbox.csv",
        "dsw.csv",
        "duelbits.csv",
        "ebay.csv",
        "ebth.csv",
        "epic.csv",
        "facebook.csv",
        "fandango.csv",
        "fresh.csv",
        "frontier.csv",
        "frontierairlines.csv",
        "gamestop.csv",
        "gmail.csv",
        "googledrive.csv",
        "hotmail.csv",
        "hulu.csv",
        "icloud.csv",
        "icloud_storage.csv",
        "instagram.csv",
        "jagex.csv",
        "kraken.csv",
        "linkedin.csv",
        "list.csv",
        "marriott.csv",
        "metrobymetro.csv",
        "navyfederal.csv",
        "netflix.csv",
        "nike.csv",
        "onedrive.csv",
        "origin.csv",
        "outlook.csv",
        "panda.csv",
        "paypal.csv",
        "pizzahut.csv",
        "playstation.csv",
        "protonmail.csv",
        "reddit.csv",
        "regents.csv",
        "result-alta-detailed.txt",
        "result-alta.csv",
        "result-amc-detailed.txt",
        "result-amc.csv",
        "result-ebth-detailed.txt",
        "result-ebth.csv",
        "result-fandango-detailed.txt",
        "result-fandango.csv",
        "result-fresh-detailed.txt",
        "result-fresh.csv",
        "riot.csv",
        "rockstargames.csv",
        "rollbit.csv",
        "roobet.csv",
        "roundtable.csv",
        "sephora.csv",
        "shuffle.csv",
        "simpletalk.csv",
        "snapchat.csv",
        "southwest.csv",
        "spotify.csv",
        "sprint.csv",
        "stake_com.csv",
        "stake_us.csv",
        "steam.csv",
        "stripe.csv",
        "subway.csv",
        "target.csv",
        "telegram.csv",
        "tiktok.csv",
        "tmobile.csv",
        "total.csv",
        "twitch.csv",
        "twitter.csv",
        "ubisoft.csv",
        "united.csv",
        "usaa.csv",
        "venmo.csv",
        "verizon.csv",
        "walmart.csv",
        "wellsfargo.csv",
        "x.csv",
        "xbox.csv",
        "xfinity.csv",
        "yahoo.csv",
        "youtube.csv",
        "zelle.csv"
      ]
    },
    {
      "name": "install_via_curl.sh",
      "type": "file",
      "size_bytes": 4078,
      "modified": "2026-01-07T04:58:26"
    },
    {
      "name": "LICENSE",
      "type": "file",
      "size_bytes": 284,
      "modified": "2026-01-07T04:59:06"
    },
    {
      "name": "logs",
      "type": "directory",
      "size_bytes": null,
      "modified": "2026-01-07T04:13:48",
      "children": [
        ".gitkeep",
        "breach_checker.log"
      ]
    },
    {
      "name": "manifest.json",
      "type": "file",
      "size_bytes": 638,
      "modified": "2026-01-07T04:58:13"
    },
    {
      "name": "master_report.py",
      "type": "file",
      "size_bytes": 8172,
      "modified": "2026-01-07T03:38:34"
    },
    {
      "name": "ModLogin",
      "type": "directory",
      "size_bytes": null,
      "modified": "2026-01-07T04:13:49",
      "children": [
        ".git",
        "LICENSE.md",
        "ModLogin.py",
        "README.md",
        "TODO.txt",
        "debug",
        "img",
        "modules",
        "requirements.txt"
      ]
    },
    {
      "name": "osint_enrichment.py",
      "type": "file",
      "size_bytes": 10978,
      "modified": "2026-01-07T03:35:38"
    },
    {
      "name": "outputs",
      "type": "directory",
      "size_bytes": null,
      "modified": "2026-01-07T04:13:49",
      "children": [
        ".gitkeep",
        "result-amc.csv",
        "result-ebth.csv",
        "result-fandango.csv",
        "result-fresh.csv",
        "result-frontier.csv",
        "result-gamestop.csv",
        "result-list-detailed.txt",
        "result-list.csv",
        "result-marriott.csv",
        "result-nike.csv",
        "result-panda.csv",
        "result-sephora.csv"
      ]
    },
    {
      "name": "PROJECT_INDEX.md",
      "type": "file",
      "size_bytes": 6708,
      "modified": "2026-01-07T05:17:13"
    },
    {
      "name": "quick_start.bat",
      "type": "file",
      "size_bytes": 1204,
      "modified": "2026-01-06T21:33:57"
    },
    {
      "name": "QUICKSTART.md",
      "type": "file",
      "size_bytes": 2715,
      "modified": "2026-01-07T05:17:13"
    },
    {
      "name": "QUICKSTART_GUIDE.md",
      "type": "file",
      "size_bytes": 8485,
      "modified": "2026-01-07T05:17:13"
    },
    {
      "name": "README-breach-checker.md",
      "type": "file",
      "size_bytes": 2197,
      "modified": "2026-01-07T05:17:13"
    },
    {
      "name": "README.md",
      "type": "file",
      "size_bytes": 10194,
      "modified": "2026-01-07T05:17:13"
    },
    {
      "name": "reports",
      "type": "directory",
      "size_bytes": null,
      "modified": "2026-01-07T04:13:49",
      "children": [
        ".gitkeep",
        "COMPREHENSIVE_BREACH_REPORT.md",
        "breach_analysis_report.json",
        "domain_intelligence_report.json",
        "master_intelligence_report.json",
        "master_report.csv",
        "osint_enriched_report.json"
      ]
    },
    {
      "name": "requirements.txt",
      "type": "file",
      "size_bytes": 125,
      "modified": "2026-01-07T03:05:58"
    },
    {
      "name": "result-alta-detailed.txt",
      "type": "file",
      "size_bytes": 55300,
      "modified": "2026-01-06T21:02:23"
    },
    {
      "name": "result-amc-detailed.txt",
      "type": "file",
      "size_bytes": 45329,
      "modified": "2026-01-06T21:04:11"
    },
    {
      "name": "result-ebth-detailed.txt",
      "type": "file",
      "size_bytes": 12749,
      "modified": "2026-01-06T21:04:38"
    },
    {
      "name": "result-fandango-detailed.txt",
      "type": "file",
      "size_bytes": 25640,
      "modified": "2026-01-06T21:05:36"
    },
    {
      "name": "result-fresh-detailed.txt",
      "type": "file",
      "size_bytes": 31300,
      "modified": "2026-01-06T21:06:46"
    },
    {
      "name": "result-frontier-detailed.txt",
      "type": "file",
      "size_bytes": 39805,
      "modified": "2026-01-06T21:08:12"
    },
    {
      "name": "result-gamestop-detailed.txt",
      "type": "file",
      "size_bytes": 51058,
      "modified": "2026-01-06T21:10:13"
    },
    {
      "name": "result-list-detailed.txt",
      "type": "file",
      "size_bytes": 130229,
      "modified": "2026-01-06T21:00:09"
    },
    {
      "name": "result-marriott-detailed.txt",
      "type": "file",
      "size_bytes": 69878,
      "modified": "2026-01-06T21:12:47"
    },
    {
      "name": "result-nike-detailed.txt",
      "type": "file",
      "size_bytes": 22566,
      "modified": "2026-01-06T21:13:40"
    },
    {
      "name": "result-panda-detailed.txt",
      "type": "file",
      "size_bytes": 34708,
      "modified": "2026-01-06T21:15:01"
    },
    {
      "name": "result-sephora-detailed.txt",
      "type": "file",
      "size_bytes": 69878,
      "modified": "2026-01-06T21:17:35"
    },
    {
      "name": "results",
      "type": "directory",
      "size_bytes": null,
      "modified": "2026-01-07T04:13:49",
      "children": [
        ".gitkeep",
        "demo_check_20260107_030652.csv",
        "demo_check_20260107_030652.json",
        "demo_check_20260107_030652_detailed.txt"
      ]
    },
    {
      "name": "ROADMAP.md",
      "type": "file",
      "size_bytes": 498,
      "modified": "2026-01-07T05:17:13"
    },
    {
      "name": "run_checker.bat",
      "type": "file",
      "size_bytes": 1658,
      "modified": "2026-01-07T05:17:56"
    },
    {
      "name": "run_checker.sh",
      "type": "file",
      "size_bytes": 1699,
      "modified": "2026-01-07T05:18:05"
    },
    {
      "name": "samples",
      "type": "directory",
      "size_bytes": null,
      "modified": "2026-01-07T04:46:39",
      "children": [
        "sample_accounts.csv"
      ]
    },
    {
      "name": "sanitized_release",
      "type": "directory",
      "size_bytes": null,
      "modified": "2026-01-07T04:46:55",
      "children": [
        ".env.example",
        ".gitignore",
        "BREACH_CHECKER_README.md",
        "COMPLETED_SETUP.md",
        "DEMO.bat",
        "FINAL_SETUP_SUMMARY.md",
        "ModLogin",
        "PROJECT_INDEX.md",
        "QUICKSTART.md",
        "QUICKSTART_GUIDE.md",
        "README-breach-checker.md",
        "README.md",
        "SERVICES_STATUS.md",
        "SESSION_SUMMARY.md",
        "SETUP_COMPLETE.txt",
        "Selenium_Account_Checkers",
        "account_checker.py",
        "account_validators",
        "analyze_results.py",
        "batch_checker.py",
        "breach_apis",
        "check_breaches.py",
        "clean.sh",
        "cloud_checkers",
        "cloud_storage_checker.py",
        "create_gaming_templates.py",
        "create_templates.py",
        "domain_intel.py",
        "input_data",
        "install_via_curl.sh",
        "master_report.py",
        "osint_enrichment.py",
        "quick_start.bat",
        "requirements.txt",
        "run_checker.bat",
        "run_checker.sh",
        "samples",
        "selenium_checker.py",
        "service_validators.py",
        "social_enum.py",
        "test_setup.py",
        "tools",
        "unified_breach_checker.py",
        "utils"
      ]
    },
    {
      "name": "SECURITY.md",
      "type": "file",
      "size_bytes": 359,
      "modified": "2026-01-07T04:58:06"
    },
    {
      "name": "Selenium_Account_Checkers",
      "type": "directory",
      "size_bytes": null,
      "modified": "2026-01-07T04:13:50",
      "children": [
        ".git",
        "README.MD",
        "accounts",
        "assets",
        "combo_splitters",
        "combolists",
        "main.py",
        "modules",
        "services",
        "tests",
        "titles"
      ]
    },
    {
      "name": "selenium_checker.py",
      "type": "file",
      "size_bytes": 9335,
      "modified": "2026-01-06T21:28:57"
    },
    {
      "name": "service_validators.py",
      "type": "file",
      "size_bytes": 22732,
      "modified": "2026-01-07T03:48:15"
    },
    {
      "name": "SERVICES_STATUS.md",
      "type": "file",
      "size_bytes": 6103,
      "modified": "2026-01-07T03:40:35"
    },
    {
      "name": "SESSION_SUMMARY.md",
      "type": "file",
      "size_bytes": 11071,
      "modified": "2026-01-07T05:17:13"
    },
    {
      "name": "SETUP_COMPLETE.txt",
      "type": "file",
      "size_bytes": 8327,
      "modified": "2026-01-07T05:16:43"
    },
    {
      "name": "social_enum.py",
      "type": "file",
      "size_bytes": 5235,
      "modified": "2026-01-07T03:38:31"
    },
    {
      "name": "test_setup.py",
      "type": "file",
      "size_bytes": 5510,
      "modified": "2026-01-07T05:17:13"
    },
    {
      "name": "tools",
      "type": "directory",
      "size_bytes": null,
      "modified": "2026-01-07T04:57:22",
      "children": [
        "create_sanitized_release.py",
        "generate_docs_index.py"
      ]
    },
    {
      "name": "unified_breach_checker.py",
      "type": "file",
      "size_bytes": 13679,
      "modified": "2026-01-07T05:17:13"
    },
    {
      "name": "utils",
      "type": "directory",
      "size_bytes": null,
      "modified": "2026-01-07T04:13:50",
      "children": [
        "__init__.py",
        "__pycache__",
        "api_helpers.py",
        "credential_parser.py"
      ]
    },
    {
      "name": "version.json",
      "type": "file",
      "size_bytes": 146,
      "modified": "2026-01-07T04:57:48"
    },
    {
      "name": "VERSION.md",
      "type": "file",
      "size_bytes": 92,
      "modified": "2026-01-07T04:57:52"
    }
  ]
}